vehicle_id,mileage_km,brake_wear_percent,brake_temperature_c,vibration_level,days_since_service,warning_light_count,failure_next_30_days
VH-0001,17941,83.7,99.1,2.74,649,1,0
VH-0002,117223,56.8,87.9,4.93,138,1,0
VH-0003,99912,66.6,93.2,4.43,217,2,0
VH-0004,68637,53.9,104.4,4.3,710,0,0
VH-0005,67787,51.6,64.8,4.27,237,1,0
VH-0006,129496,39.4,107.0,4.71,593,0,0
VH-0007,17462,63.6,50.7,6.2,574,0,0
VH-0008,106118,38.0,93.2,7.26,629,0,0
VH-0009,34213,68.3,89.5,4.5,16,1,0
VH-0010,18655,76.7,69.6,6.13,355,0,0
VH-0011,81339,62.3,84.4,3.1,414,0,0
VH-0012,146465,49.3,69.4,6.03,611,0,0
VH-0013,111684,64.1,58.2,2.98,167,0,0
VH-0014,115365,48.8,76.2,6.68,227,1,0
VH-0015,109034,73.7,57.4,8.92,135,2,1
VH-0016,118979,18.4,93.1,4.26,557,1,0
VH-0017,79417,48.3,56.2,0.11,729,0,0
VH-0018,23576,15.2,102.8,3.4,106,0,0
VH-0019,126763,25.1,55.5,6.96,174,2,0
VH-0020,70305,82.3,70.8,5.61,227,0,0
VH-0021,77551,72.9,69.4,5.0,649,0,0
VH-0022,58765,40.6,118.1,6.52,328,1,0
VH-0023,31469,24.9,93.3,5.47,209,2,0
VH-0024,139380,0.0,79.7,6.94,238,1,0
VH-0025,118327,44.1,97.5,6.34,438,0,0
VH-0026,98360,100.0,32.3,7.54,285,1,1
VH-0027,63350,63.7,83.9,5.22,106,2,0
VH-0028,124300,43.8,134.9,6.31,599,1,0
VH-0029,84087,64.3,88.3,3.89,311,2,0
VH-0030,69295,23.8,86.7,3.3,191,1,0
VH-0031,70316,49.1,98.7,7.91,533,2,0
VH-0032,37949,57.0,107.4,4.93,545,0,0
VH-0033,18359,53.3,35.1,6.11,117,3,0
VH-0034,85414,70.8,42.9,4.75,58,1,0
VH-0035,133744,61.9,90.3,3.33,37,1,0
VH-0036,14253,68.4,67.1,4.52,560,3,0
VH-0037,129452,41.2,117.8,7.37,458,0,0
VH-0038,125006,73.0,77.1,5.61,579,1,1
VH-0039,45130,87.6,36.6,1.08,459,0,0
VH-0040,96591,35.6,53.3,4.07,296,1,0
VH-0041,28958,37.2,30.0,8.06,432,2,0
VH-0042,114922,81.7,79.1,4.07,528,1,1
VH-0043,106575,51.2,80.3,0.9,294,0,0
VH-0044,56406,83.1,74.4,8.29,668,0,1
VH-0045,14848,46.1,112.0,5.86,657,0,0
VH-0046,145751,84.1,115.0,4.36,585,0,1
VH-0047,69624,57.6,80.7,3.76,724,1,0
VH-0048,134502,60.2,31.6,6.66,288,0,0
VH-0049,103298,86.3,100.4,3.42,87,0,0
VH-0050,117865,47.8,98.9,6.8,356,1,0
VH-0051,115185,36.2,92.7,5.58,545,0,0
VH-0052,33222,46.0,109.5,4.99,570,1,0
VH-0053,57766,64.0,55.9,4.79,286,1,0
VH-0054,72674,23.7,135.2,4.15,217,0,0
VH-0055,77179,67.7,61.0,6.59,327,0,0
VH-0056,11351,44.2,103.7,2.77,587,1,0
VH-0057,84252,78.0,42.8,1.26,48,1,0
VH-0058,27371,7.1,61.7,5.73,242,1,0
VH-0059,112789,39.3,122.9,5.76,171,0,0
VH-0060,104042,21.3,78.5,5.46,589,0,0
VH-0061,138766,38.5,106.0,5.32,345,1,0
VH-0062,112990,60.0,90.9,3.86,67,3,0
VH-0063,58163,51.4,82.4,6.07,194,1,0
VH-0064,145288,49.9,119.1,4.41,37,2,0
VH-0065,64573,51.8,79.1,3.53,349,2,0
VH-0066,52244,59.1,40.5,3.88,728,1,0
VH-0067,136302,34.8,64.9,8.54,416,2,0
VH-0068,58716,69.1,98.8,1.03,635,0,0
VH-0069,16069,68.3,94.9,5.5,543,0,0
VH-0070,73085,62.7,45.8,1.14,645,0,0
VH-0071,120373,66.1,66.9,4.28,230,0,0
VH-0072,32473,60.9,70.5,3.63,694,1,0
VH-0073,72126,95.7,75.9,0.33,178,1,0
VH-0074,23838,53.3,50.6,5.28,322,1,0
VH-0075,104539,48.9,69.3,3.74,498,1,0
VH-0076,73977,39.9,66.8,0.3,212,0,0
VH-0077,52878,34.4,104.3,6.18,196,0,0
VH-0078,37901,30.1,105.2,7.37,99,1,0
VH-0079,86852,37.2,81.4,7.48,8,1,0
VH-0080,102123,53.6,75.2,5.22,368,1,0
VH-0081,141344,61.7,88.5,4.59,720,0,0
VH-0082,68387,56.0,64.6,7.16,164,0,0
VH-0083,28299,39.7,56.3,7.86,324,0,0
VH-0084,125738,73.0,61.5,6.77,683,1,0
VH-0085,96315,69.8,69.1,2.62,564,0,0
VH-0086,106538,51.8,55.9,4.9,7,0,0
VH-0087,19097,41.9,89.1,5.38,367,1,0
VH-0088,50293,66.0,103.2,0.88,108,1,0
VH-0089,116337,58.8,45.3,5.44,184,2,0
VH-0090,125677,26.0,85.6,9.05,183,0,0
VH-0091,68106,53.6,79.5,5.78,449,0,0
VH-0092,121690,60.2,93.5,7.45,149,0,0
VH-0093,127045,37.0,84.7,4.87,187,0,0
VH-0094,61184,58.8,48.7,4.35,168,2,0
VH-0095,135222,25.9,53.4,5.26,263,1,0
VH-0096,46807,81.7,85.7,2.87,480,1,0
VH-0097,39735,80.0,110.7,2.57,294,2,0
VH-0098,103961,49.9,30.0,7.03,242,0,0
VH-0099,97330,62.3,93.6,7.24,380,0,0
VH-0100,25264,6.8,114.7,2.52,450,1,0
VH-0101,125746,31.9,81.2,6.44,16,2,0
VH-0102,33986,49.1,98.8,4.33,650,0,0
VH-0103,121710,33.6,67.4,5.18,669,1,0
VH-0104,6067,69.3,82.0,5.42,441,0,0
VH-0105,120542,94.9,44.5,6.49,421,1,0
VH-0106,119104,31.5,30.0,4.67,508,0,0
VH-0107,118152,38.3,108.6,7.32,324,1,0
VH-0108,101403,59.7,60.4,5.12,269,0,0
VH-0109,73377,87.2,73.6,5.75,260,0,0
VH-0110,107248,30.6,50.3,2.83,120,1,0
VH-0111,45182,60.0,49.8,8.82,614,0,0
VH-0112,118205,91.4,80.7,5.44,237,0,0
VH-0113,85568,22.0,66.8,5.93,211,0,0
VH-0114,71542,29.4,94.4,1.28,704,1,0
VH-0115,78312,46.5,96.3,2.85,372,2,0
VH-0116,87467,44.6,93.0,6.98,455,2,0
VH-0117,10403,71.3,91.0,5.07,182,0,0
VH-0118,25270,59.8,124.4,0.67,206,2,0
VH-0119,40594,19.5,58.3,6.58,533,1,0
VH-0120,21606,65.3,83.6,3.41,331,2,0
VH-0121,68743,43.4,113.3,7.32,112,0,0
VH-0122,101918,80.5,116.6,4.32,610,0,0
VH-0123,99892,42.4,49.5,4.91,297,1,0
VH-0124,73308,42.3,77.2,6.86,489,1,0
VH-0125,128986,65.8,119.0,2.71,252,0,0
VH-0126,86959,70.3,97.7,2.51,411,1,1
VH-0127,16483,64.0,89.9,4.11,567,1,0
VH-0128,115924,21.3,79.6,6.15,646,1,0
VH-0129,88317,65.8,75.4,1.84,155,2,0
VH-0130,97034,34.3,92.2,1.16,492,0,0
VH-0131,86979,59.7,78.7,6.15,668,0,0
VH-0132,85269,26.5,83.9,3.29,470,1,0
VH-0133,18132,63.9,87.0,3.72,108,0,0
VH-0134,86085,38.9,68.0,0.79,142,0,0
VH-0135,120262,29.3,98.3,3.14,152,1,0
VH-0136,49072,69.3,157.9,4.48,82,1,1
VH-0137,92411,59.8,40.6,6.36,551,2,0
VH-0138,9468,42.7,93.1,2.96,704,0,0
VH-0139,55387,84.0,66.0,7.81,379,0,0
VH-0140,68324,46.2,99.4,3.13,439,1,0
VH-0141,147497,55.6,86.2,3.13,565,2,0
VH-0142,36114,60.4,104.0,7.57,306,1,0
VH-0143,45099,42.6,114.4,4.92,347,1,0
VH-0144,64236,64.4,89.8,3.4,432,2,0
VH-0145,148936,44.3,113.3,4.19,225,1,0
VH-0146,128743,46.8,30.0,7.21,49,1,0
VH-0147,10030,82.3,124.8,7.43,416,1,0
VH-0148,38921,34.2,94.4,2.87,601,0,0
VH-0149,124142,6.7,111.9,4.42,58,1,0
VH-0150,13453,87.2,54.5,4.68,162,3,0
VH-0151,129072,100.0,64.2,2.53,195,1,0
VH-0152,45800,46.9,88.6,4.39,588,0,0
VH-0153,138059,16.3,84.6,4.51,370,1,0
VH-0154,47571,48.8,92.1,6.78,392,0,0
VH-0155,67975,49.3,112.1,6.91,472,0,0
VH-0156,100977,51.2,40.9,3.84,205,1,0
VH-0157,23310,32.7,109.3,4.07,522,0,0
VH-0158,85769,66.6,85.2,5.83,26,0,0
VH-0159,78227,65.5,79.9,3.33,87,1,0
VH-0160,118665,25.1,48.2,5.68,596,3,0
VH-0161,149435,69.0,97.6,4.32,482,1,0
VH-0162,101325,96.1,30.0,2.56,132,0,0
VH-0163,64332,58.4,101.2,2.59,323,0,0
VH-0164,63926,48.3,47.7,7.39,42,1,0
VH-0165,65604,52.2,86.3,4.19,492,3,0
VH-0166,123032,67.3,82.0,7.78,553,0,1
VH-0167,51576,20.4,114.2,3.47,206,1,0
VH-0168,29211,58.3,80.5,5.08,258,1,0
VH-0169,53472,47.2,67.6,9.29,176,2,0
VH-0170,8293,92.0,72.3,2.39,287,0,0
VH-0171,20390,51.5,116.8,0.7,202,1,0
VH-0172,18056,88.4,98.4,7.07,184,0,0
VH-0173,116875,32.9,75.4,2.85,316,0,0
VH-0174,109742,66.7,79.1,4.46,627,0,0
VH-0175,106031,61.4,45.8,3.33,557,1,0
VH-0176,71972,37.6,94.7,5.04,220,1,0
VH-0177,108973,58.5,41.0,2.6,688,1,0
VH-0178,28384,79.3,103.8,4.14,157,1,0
VH-0179,135590,48.5,88.2,5.4,665,1,0
VH-0180,77651,21.2,144.7,2.48,229,0,0
VH-0181,141017,54.6,57.5,3.1,396,0,0
VH-0182,27085,37.0,82.4,3.81,152,2,0
VH-0183,77112,48.2,130.0,1.64,557,0,0
VH-0184,105966,53.4,114.8,3.65,235,1,0
VH-0185,76865,20.9,67.6,4.74,637,0,0
VH-0186,69692,22.7,90.6,3.7,65,1,0
VH-0187,29101,64.6,85.0,3.96,368,1,0
VH-0188,60248,44.5,92.0,4.46,119,0,0
VH-0189,39621,3.7,67.5,3.19,649,0,0
VH-0190,48719,70.7,82.8,5.88,307,1,0
VH-0191,104136,60.4,45.0,7.37,493,2,1
VH-0192,96390,40.7,88.4,3.57,642,0,0
VH-0193,93043,28.7,96.3,5.47,393,0,0
VH-0194,57462,71.7,79.3,4.02,46,0,0
VH-0195,144155,62.0,44.6,5.23,165,2,0
VH-0196,17709,100.0,109.7,7.63,159,1,0
VH-0197,54675,63.4,94.1,5.52,667,0,0
VH-0198,22110,62.8,66.8,0.95,663,0,0
VH-0199,54146,51.7,78.0,5.41,350,1,0
VH-0200,144475,71.3,47.5,6.97,650,0,0
VH-0201,58108,67.5,59.4,4.06,183,1,0
VH-0202,136744,80.0,71.6,6.49,497,0,1
VH-0203,76784,44.6,115.7,3.12,289,0,0
VH-0204,106457,46.3,69.0,1.53,179,1,0
VH-0205,71325,45.4,101.0,4.78,186,0,0
VH-0206,43551,70.8,71.5,0.99,309,1,0
VH-0207,115813,85.0,91.2,4.02,251,1,0
VH-0208,145530,45.8,81.5,7.07,158,0,0
VH-0209,43211,46.5,106.8,0.68,247,0,0
VH-0210,117918,61.3,71.6,1.94,98,0,0
VH-0211,42865,50.1,45.7,2.44,708,0,0
VH-0212,108949,74.0,50.5,4.37,280,0,0
VH-0213,119405,10.0,71.7,3.77,82,2,0
VH-0214,70157,38.5,53.8,7.3,422,1,0
VH-0215,111853,39.4,95.3,6.41,645,1,0
VH-0216,44475,8.6,73.4,5.49,265,0,0
VH-0217,16491,35.7,144.4,4.79,617,0,0
VH-0218,18976,36.7,41.6,5.29,447,0,0
VH-0219,69818,51.0,90.1,2.78,540,0,0
VH-0220,135877,77.3,56.8,6.21,219,2,0
VH-0221,23498,50.1,72.7,2.28,31,0,0
VH-0222,71087,34.4,88.5,6.17,255,0,0
VH-0223,107084,53.9,30.0,6.87,675,0,0
VH-0224,34342,76.0,90.9,4.92,578,1,0
VH-0225,109634,35.5,132.6,4.15,573,3,0
VH-0226,49363,36.8,73.7,5.3,641,1,0
VH-0227,122255,66.2,91.5,0.0,275,0,0
VH-0228,88986,50.6,110.6,5.1,238,1,0
VH-0229,84301,67.9,80.9,4.27,675,1,0
VH-0230,30632,54.7,70.5,4.4,419,0,0
VH-0231,72164,69.0,30.0,5.91,221,0,0
VH-0232,129209,34.3,101.0,4.35,206,1,0
VH-0233,7830,54.8,82.2,2.22,641,0,0
VH-0234,114985,50.8,59.7,4.22,43,0,0
VH-0235,76450,30.7,88.2,4.64,49,2,0
VH-0236,109322,23.7,70.4,4.73,539,1,0
VH-0237,101178,68.7,71.8,4.82,5,1,0
VH-0238,67653,48.0,100.2,6.58,128,0,0
VH-0239,49756,34.6,51.5,2.33,723,1,0
VH-0240,95959,53.1,111.2,4.85,313,0,0
VH-0241,25332,77.6,50.1,7.08,532,2,0
VH-0242,89694,9.4,68.4,1.03,358,2,0
VH-0243,18730,25.1,133.1,4.86,70,1,0
VH-0244,99227,36.5,113.2,3.33,138,1,0
VH-0245,96168,84.2,87.4,3.76,556,0,0
VH-0246,17244,60.7,61.5,2.69,73,1,0
VH-0247,114835,70.3,71.8,4.16,436,2,0
VH-0248,65292,32.2,86.8,8.18,257,0,0
VH-0249,119098,32.6,85.9,1.97,273,0,0
VH-0250,11034,64.0,82.7,2.16,695,0,0
VH-0251,31021,56.2,84.2,1.9,444,0,0
VH-0252,76628,66.0,79.6,7.95,450,2,0
VH-0253,32292,51.2,49.0,3.58,259,0,0
VH-0254,52829,60.6,72.1,4.45,281,1,0
VH-0255,100786,58.2,107.9,3.69,502,0,0
VH-0256,25956,70.6,50.8,2.61,33,0,0
VH-0257,103266,71.1,80.3,4.03,177,0,0
VH-0258,19993,22.6,64.5,9.42,440,0,0
VH-0259,30401,10.1,87.8,7.28,457,1,0
VH-0260,90208,75.0,75.3,2.79,71,1,0
VH-0261,120055,78.8,121.9,5.8,576,1,1
VH-0262,29735,34.6,97.7,2.84,398,0,0
VH-0263,48498,17.8,52.2,0.95,177,0,0
VH-0264,139142,57.0,101.8,6.54,550,0,0
VH-0265,148504,73.6,65.6,6.82,723,0,0
VH-0266,89253,91.0,70.6,6.59,312,1,0
VH-0267,69820,65.3,92.8,3.56,210,0,0
VH-0268,55296,47.6,72.7,4.17,222,0,0
VH-0269,93805,37.1,107.3,6.0,434,2,0
VH-0270,90682,55.2,65.6,5.28,39,1,0
VH-0271,47739,49.0,69.5,3.71,355,1,0
VH-0272,8306,34.7,68.6,1.26,22,1,0
VH-0273,26967,96.0,70.9,4.73,32,0,0
VH-0274,143991,90.7,112.5,6.66,316,1,1
VH-0275,65632,77.7,100.7,2.1,545,1,0
VH-0276,74933,36.6,127.7,5.78,645,2,0
VH-0277,72730,72.1,141.7,5.16,68,0,0
VH-0278,118496,67.8,59.2,6.0,181,0,0
VH-0279,14418,63.9,86.8,6.24,310,0,0
VH-0280,16995,80.0,55.6,3.11,421,1,0
VH-0281,44997,67.7,65.6,1.27,720,0,0
VH-0282,75565,69.8,69.2,3.43,501,0,0
VH-0283,102312,67.7,58.6,6.28,395,1,0
VH-0284,76152,61.8,58.7,3.42,49,1,0
VH-0285,68969,19.3,81.4,3.11,63,0,0
VH-0286,140984,56.7,54.6,0.86,115,1,0
VH-0287,28347,43.9,106.1,8.01,484,1,0
VH-0288,87900,29.4,62.1,6.15,245,2,0
VH-0289,83625,88.6,155.2,6.04,179,0,0
VH-0290,73655,89.6,73.7,6.44,490,2,0
VH-0291,122101,82.2,86.8,5.65,596,0,1
VH-0292,43711,60.1,52.6,4.01,323,1,0
VH-0293,143297,82.0,127.7,4.17,644,2,1
VH-0294,53077,55.2,113.0,3.64,537,1,0
VH-0295,84025,59.1,92.4,9.77,524,0,0
VH-0296,80497,33.1,51.3,5.61,634,1,0
VH-0297,128217,62.9,90.3,3.57,138,0,0
VH-0298,68642,56.2,57.0,5.43,554,1,0
VH-0299,46261,28.9,121.6,2.48,699,1,0
VH-0300,8133,54.0,105.2,7.51,724,0,0
VH-0301,57733,53.4,87.4,3.18,424,0,0
VH-0302,124812,91.0,30.0,5.5,551,2,0
VH-0303,6437,72.9,60.4,6.63,649,3,0
VH-0304,134943,55.2,102.2,5.27,622,3,1
VH-0305,83709,60.0,115.3,4.69,655,1,1
VH-0306,25336,55.9,112.7,4.52,608,0,0
VH-0307,48816,50.9,45.2,4.39,281,0,0
VH-0308,85335,33.4,92.5,3.35,534,1,0
VH-0309,50775,52.0,110.4,3.6,302,0,0
VH-0310,20743,40.1,43.5,7.46,586,0,0
VH-0311,101568,30.0,84.8,4.28,592,0,0
VH-0312,102474,65.2,91.8,2.93,682,3,0
VH-0313,22236,62.8,77.5,3.47,431,1,0
VH-0314,45778,19.3,38.7,6.7,349,1,0
VH-0315,40361,52.5,76.9,5.85,125,0,0
VH-0316,100616,74.9,76.8,5.62,467,2,0
VH-0317,110892,76.2,81.3,3.98,415,1,1
VH-0318,110414,75.5,70.9,5.65,378,0,0
VH-0319,141120,55.8,73.9,3.21,495,0,0
VH-0320,116453,38.1,84.0,3.98,622,0,0
VH-0321,51498,33.3,96.1,6.44,112,1,0
VH-0322,20622,61.9,77.4,6.25,317,1,0
VH-0323,94123,62.6,74.8,2.54,528,3,0
VH-0324,137821,80.7,87.3,2.79,599,2,0
VH-0325,146397,77.0,37.0,4.72,569,0,0
VH-0326,38381,52.4,96.9,7.95,584,0,0
VH-0327,39286,30.1,85.0,0.67,624,0,0
VH-0328,10424,48.6,86.0,5.06,702,0,0
VH-0329,25483,59.3,109.0,1.75,445,0,0
VH-0330,85453,51.0,36.2,3.23,185,0,0
VH-0331,84286,43.4,35.7,3.77,413,1,0
VH-0332,58783,60.1,91.8,3.66,519,0,0
VH-0333,49943,44.9,84.8,3.43,78,1,0
VH-0334,125319,42.4,89.3,4.51,553,0,0
VH-0335,71704,61.2,73.4,3.43,399,0,0
VH-0336,122196,47.0,101.6,1.58,683,0,0
VH-0337,144665,59.9,108.3,6.06,158,0,0
VH-0338,50985,60.5,97.1,6.01,662,0,0
VH-0339,34397,32.2,78.5,6.19,329,0,0
VH-0340,143170,45.4,32.3,1.42,420,2,0
VH-0341,97050,83.8,104.2,5.1,483,0,0
VH-0342,47183,31.8,115.5,5.85,424,0,0
VH-0343,95169,12.7,101.1,2.44,660,2,0
VH-0344,79683,17.8,63.0,4.52,126,0,0
VH-0345,136302,55.6,101.8,4.27,534,0,0
VH-0346,42114,55.6,106.5,8.18,711,2,0
VH-0347,148750,52.6,124.0,8.35,164,1,0
VH-0348,140726,79.3,63.1,1.17,189,2,0
VH-0349,31201,1.5,79.3,9.49,349,0,0
VH-0350,28868,62.9,103.7,2.67,530,1,0
VH-0351,82307,86.2,86.4,6.46,700,1,1
VH-0352,11512,32.4,57.1,6.44,581,1,0
VH-0353,48325,47.4,95.4,2.51,580,0,0
VH-0354,68089,39.9,99.5,5.49,324,0,0
VH-0355,145559,37.1,87.2,4.28,472,0,0
VH-0356,148894,48.5,90.5,5.61,158,0,0
VH-0357,26973,83.5,78.5,4.96,340,1,0
VH-0358,134293,91.7,122.0,6.89,141,0,0
VH-0359,18184,48.3,62.5,4.65,24,0,0
VH-0360,113548,93.1,70.3,4.16,625,0,0
VH-0361,127618,55.7,85.3,6.69,588,2,1
VH-0362,134164,90.1,107.0,5.66,375,3,1
VH-0363,37395,53.1,47.6,5.96,15,0,0
VH-0364,134549,57.6,52.2,3.17,70,0,0
VH-0365,21817,62.3,34.1,2.41,86,2,0
VH-0366,80234,100.0,85.8,3.36,524,0,0
VH-0367,73084,72.0,57.0,3.26,152,2,0
VH-0368,50809,40.9,75.4,6.07,186,1,0
VH-0369,8206,74.4,101.5,6.45,629,0,0
VH-0370,116941,47.8,69.0,4.19,640,1,0
VH-0371,53659,45.2,90.8,7.36,558,1,0
VH-0372,100940,73.2,77.5,7.24,229,0,0
VH-0373,64481,55.6,101.8,4.99,425,0,0
VH-0374,59180,60.6,96.9,2.86,150,0,0
VH-0375,133512,55.3,67.7,7.65,626,0,0
VH-0376,18697,61.7,80.8,4.38,66,0,0
VH-0377,111809,63.5,111.1,4.75,544,0,1
VH-0378,113284,16.3,94.8,3.82,375,0,0
VH-0379,60098,68.3,50.1,2.72,554,0,0
VH-0380,43056,35.4,101.4,1.56,331,1,0
VH-0381,5769,26.2,57.9,5.77,119,2,0
VH-0382,140837,53.8,120.3,2.93,549,0,0
VH-0383,142421,56.7,110.6,10.0,462,0,1
VH-0384,39940,41.1,92.2,2.33,341,1,0
VH-0385,9627,71.6,88.9,1.99,275,0,0
VH-0386,22799,28.2,79.8,5.52,254,0,0
VH-0387,14808,46.9,102.0,7.56,353,1,0
VH-0388,125511,43.3,75.7,4.63,194,1,0
VH-0389,134327,54.1,90.9,5.64,209,0,0
VH-0390,27226,60.6,106.8,0.81,206,1,0
VH-0391,113277,34.8,71.0,3.14,14,1,0
VH-0392,30993,69.5,69.6,2.35,677,0,0
VH-0393,58245,56.3,55.1,0.71,176,1,0
VH-0394,91910,17.2,58.4,4.73,124,0,0
VH-0395,109389,15.8,39.3,0.01,114,2,0
VH-0396,131811,54.8,103.2,1.86,721,0,0
VH-0397,11493,50.6,130.2,3.43,350,0,0
VH-0398,33483,52.9,120.6,2.84,242,1,0
VH-0399,45673,54.4,44.3,5.29,297,0,0
VH-0400,49996,59.5,103.1,5.11,69,1,0
VH-0401,149714,74.0,120.6,6.29,232,0,0
VH-0402,117723,32.8,73.6,6.0,185,0,0
VH-0403,51460,31.6,87.5,6.78,587,0,0
VH-0404,145914,33.1,34.8,4.5,47,2,0
VH-0405,77399,60.8,91.7,5.11,313,0,0
VH-0406,77607,79.9,58.4,5.52,577,1,0
VH-0407,67886,46.4,90.0,4.78,609,0,0
VH-0408,25865,5.0,46.0,3.71,376,2,0
VH-0409,140484,20.9,98.6,3.84,166,1,0
VH-0410,7020,38.3,110.6,2.86,249,1,0
VH-0411,30270,43.8,65.4,5.34,166,1,0
VH-0412,38300,46.8,56.6,4.31,484,1,0
VH-0413,45498,55.8,31.1,3.17,217,0,0
VH-0414,24114,48.8,78.3,3.18,462,1,0
VH-0415,7604,76.0,70.5,2.08,480,0,0
VH-0416,103260,41.5,46.2,6.46,686,1,0
VH-0417,145549,37.8,96.3,4.66,273,0,0
VH-0418,22665,64.6,73.8,2.77,701,0,0
VH-0419,47997,24.3,58.1,6.12,295,0,0
VH-0420,78417,62.8,71.1,3.38,498,0,0
VH-0421,139487,57.1,111.8,1.69,484,0,0
VH-0422,105668,52.1,100.1,6.54,597,0,0
VH-0423,116097,86.8,81.7,3.43,345,0,0
VH-0424,89261,42.6,100.5,3.68,579,0,0
VH-0425,65470,96.2,56.0,4.58,262,1,0
VH-0426,33967,50.5,85.8,6.79,361,4,0
VH-0427,130325,29.5,88.7,4.54,367,0,0
VH-0428,121598,56.4,73.3,2.1,515,1,0
VH-0429,8639,33.5,95.9,5.59,453,1,0
VH-0430,108734,40.0,65.5,3.53,61,0,0
VH-0431,17236,62.9,97.7,8.28,591,0,0
VH-0432,112152,66.1,98.8,4.5,554,1,0
VH-0433,124763,42.6,30.0,0.03,80,0,0
VH-0434,24003,74.7,114.8,5.21,702,0,0
VH-0435,67906,78.2,30.0,8.39,484,0,0
VH-0436,22944,83.7,69.6,7.65,66,2,0
VH-0437,87255,65.6,110.6,8.16,361,0,0
VH-0438,139496,82.3,77.1,2.46,611,0,0
VH-0439,16726,17.4,48.3,6.32,207,0,0
VH-0440,62648,48.6,57.7,3.06,681,2,0
VH-0441,146102,37.7,110.7,4.95,308,1,0
VH-0442,48637,57.4,37.0,1.95,168,1,0
VH-0443,24171,43.6,113.2,3.21,263,1,0
VH-0444,75844,51.7,83.6,3.15,385,1,0
VH-0445,78714,92.6,55.2,6.3,503,0,1
VH-0446,101115,51.6,70.4,6.1,677,0,0
VH-0447,50491,63.3,59.6,5.05,146,1,0
VH-0448,143565,50.4,106.7,1.8,701,1,0
VH-0449,80548,56.5,103.3,3.88,387,0,0
VH-0450,46534,55.1,42.0,3.01,97,1,0
VH-0451,144241,64.0,74.9,6.24,676,0,0
VH-0452,139097,78.3,63.4,6.86,258,0,0
VH-0453,77378,87.9,117.3,6.61,454,0,1
VH-0454,8604,61.2,51.2,2.99,511,0,0
VH-0455,91555,66.8,125.1,0.0,14,2,0
VH-0456,85503,32.0,84.2,0.97,165,0,0
VH-0457,26490,53.2,56.0,7.34,502,2,0
VH-0458,96926,73.8,68.1,3.7,240,1,0
VH-0459,126915,72.3,65.0,3.0,11,0,0
VH-0460,20355,59.2,53.1,7.79,21,0,0
VH-0461,109881,72.7,87.4,7.03,604,0,0
VH-0462,25349,64.8,54.3,4.55,116,1,0
VH-0463,113579,79.0,30.5,3.91,77,0,0
VH-0464,65771,60.8,75.5,4.24,412,0,0
VH-0465,5944,47.9,39.9,4.95,91,0,0
VH-0466,145103,61.7,66.2,7.7,478,0,1
VH-0467,29065,0.0,62.3,5.34,399,0,0
VH-0468,91426,62.7,63.2,5.95,475,1,0
VH-0469,31312,0.0,135.0,6.84,361,1,0
VH-0470,140288,20.5,86.4,2.16,569,2,0
VH-0471,112057,64.0,91.1,6.01,472,0,0
VH-0472,121632,64.6,40.6,3.91,306,1,0
VH-0473,67651,31.8,68.7,0.0,16,1,0
VH-0474,72770,40.8,90.4,0.24,203,0,0
VH-0475,96973,82.4,59.4,2.46,100,1,0
VH-0476,118790,45.3,107.7,5.56,16,0,0
VH-0477,127812,99.9,54.9,4.73,203,2,1
VH-0478,7586,55.0,77.8,4.87,154,0,0
VH-0479,101216,63.2,70.3,8.4,60,0,0
VH-0480,20825,87.3,89.1,1.96,231,0,0
VH-0481,46750,57.6,69.0,4.45,372,1,0
VH-0482,125267,35.0,78.2,5.11,134,0,0
VH-0483,41324,52.8,79.1,3.03,203,1,0
VH-0484,120538,54.3,66.6,4.56,19,1,0
VH-0485,72136,27.7,97.1,1.3,41,0,0
VH-0486,38732,49.9,91.0,7.32,119,1,0
VH-0487,53465,40.2,82.8,3.14,333,0,0
VH-0488,81961,73.5,74.2,8.56,487,0,0
VH-0489,115946,55.7,104.9,4.44,576,1,1
VH-0490,92872,49.3,79.1,6.56,461,0,0
VH-0491,140317,52.9,77.3,4.39,452,2,1
VH-0492,130822,59.5,87.6,4.44,683,1,0
VH-0493,114236,67.3,127.4,3.33,190,1,0
VH-0494,92450,35.0,51.5,4.74,583,0,0
VH-0495,47029,34.2,104.2,5.14,684,0,0
VH-0496,64822,77.1,37.7,2.93,416,0,0
VH-0497,22239,46.8,90.4,4.25,614,1,0
VH-0498,59256,26.7,124.4,3.28,104,0,0
VH-0499,139338,63.9,97.2,9.1,642,1,1
VH-0500,66752,64.3,89.3,4.32,413,1,0
VH-0501,21490,24.4,71.0,7.59,165,0,0
VH-0502,99529,59.6,85.8,4.11,49,0,0
VH-0503,144579,69.7,78.7,5.02,526,2,0
VH-0504,130786,62.5,65.4,1.86,317,1,0
VH-0505,44741,67.6,77.8,3.61,229,1,0
VH-0506,70815,26.9,90.0,4.92,287,0,0
VH-0507,81997,61.6,65.8,7.67,723,0,0
VH-0508,40936,48.9,64.8,4.94,315,0,0
VH-0509,43960,45.3,51.0,7.27,62,1,0
VH-0510,39316,72.4,94.8,5.78,207,2,0
VH-0511,149214,84.6,98.6,7.75,110,1,1
VH-0512,113172,90.9,90.8,4.38,502,0,0
VH-0513,126924,81.3,109.1,9.28,585,0,1
VH-0514,123402,52.8,87.2,3.53,614,0,0
VH-0515,144075,62.1,94.8,2.97,463,1,0
VH-0516,20265,70.3,92.6,2.08,562,0,0
VH-0517,132836,57.4,82.7,9.16,307,0,0
VH-0518,14651,57.6,71.7,6.14,460,0,0
VH-0519,73936,71.5,140.4,3.83,82,1,0
VH-0520,91192,53.8,73.7,7.0,395,1,1
VH-0521,56889,40.4,68.4,5.88,409,1,0
VH-0522,26195,46.7,95.9,8.43,27,1,0
VH-0523,32883,67.7,91.3,1.4,402,0,0
VH-0524,124576,55.1,49.9,3.97,529,1,0
VH-0525,51214,61.8,113.1,3.57,271,0,0
VH-0526,49998,68.4,82.6,0.55,400,1,0
VH-0527,138887,47.5,57.2,6.62,212,2,0
VH-0528,25861,70.1,114.7,3.96,201,1,0
VH-0529,137713,62.6,100.6,5.98,98,2,0
VH-0530,138540,30.3,53.4,9.22,242,0,0
VH-0531,91791,83.8,129.4,3.79,587,1,0
VH-0532,29002,45.0,101.5,3.66,683,1,0
VH-0533,27599,21.9,84.7,4.74,465,0,0
VH-0534,46284,34.1,124.8,6.47,457,1,0
VH-0535,88725,34.6,89.0,3.37,450,0,0
VH-0536,27273,56.0,84.3,3.24,350,1,0
VH-0537,71070,49.5,68.5,6.61,311,0,0
VH-0538,21746,48.3,99.5,5.26,455,0,0
VH-0539,83341,67.4,96.9,0.41,573,0,0
VH-0540,8066,61.8,85.4,2.05,304,0,0
VH-0541,107810,61.3,65.3,7.5,415,0,0
VH-0542,13032,63.2,88.2,5.3,345,0,0
VH-0543,33249,67.3,83.3,2.98,211,0,0
VH-0544,30323,12.8,51.7,4.16,215,0,0
VH-0545,125494,47.7,48.2,4.53,62,1,0
VH-0546,12740,11.4,99.1,5.97,323,0,0
VH-0547,67242,55.7,30.0,1.78,521,0,0
VH-0548,90715,54.9,90.1,2.82,502,2,0
VH-0549,79819,75.9,73.0,5.05,719,0,0
VH-0550,103703,78.8,117.7,4.3,33,0,0
VH-0551,121449,59.1,72.7,5.64,556,3,0
VH-0552,62076,45.0,101.5,2.04,581,0,0
VH-0553,125091,64.7,75.1,5.21,321,0,0
VH-0554,51108,44.4,87.8,6.68,210,0,0
VH-0555,147741,55.0,103.4,5.47,263,0,0
VH-0556,78156,74.7,73.4,4.78,499,1,0
VH-0557,111721,43.8,109.9,4.31,630,1,0
VH-0558,131875,71.1,60.2,2.83,470,0,0
VH-0559,119934,68.5,92.4,4.36,377,2,0
VH-0560,128414,35.9,108.1,7.02,478,1,0
VH-0561,82794,74.5,101.5,4.26,56,0,0
VH-0562,11303,69.0,132.9,2.72,445,0,0
VH-0563,76497,57.0,65.9,3.52,35,0,0
VH-0564,31317,39.8,50.5,4.9,700,1,0
VH-0565,133921,37.8,60.1,3.75,649,2,0
VH-0566,39328,44.2,101.5,5.47,373,0,0
VH-0567,38070,65.9,97.4,5.55,276,0,0
VH-0568,41161,35.9,87.6,6.28,535,2,0
VH-0569,98172,63.8,56.9,7.35,467,0,0
VH-0570,87828,30.2,104.2,6.49,516,0,0
VH-0571,142581,50.9,54.4,2.63,378,1,0
VH-0572,65358,57.2,114.0,2.69,176,1,0
VH-0573,45930,100.0,156.4,4.35,58,0,0
VH-0574,12141,27.5,94.2,3.6,210,1,0
VH-0575,6026,84.4,99.6,2.22,388,1,0
VH-0576,59174,58.0,72.7,3.62,312,3,0
VH-0577,139243,63.2,39.7,3.55,372,1,0
VH-0578,80944,57.4,69.9,3.16,206,0,0
VH-0579,134564,63.9,57.7,3.87,684,0,0
VH-0580,19742,51.9,48.8,6.86,270,1,0
VH-0581,18531,84.1,128.1,4.9,618,0,0
VH-0582,125851,45.9,91.8,9.44,288,1,1
VH-0583,20477,77.6,94.5,4.84,326,1,0
VH-0584,12534,42.1,77.3,3.92,442,0,0
VH-0585,63593,53.8,80.7,4.51,195,1,0
VH-0586,139102,33.6,109.1,5.01,164,2,0
VH-0587,104960,64.1,84.2,5.37,279,0,0
VH-0588,19371,83.9,98.3,8.65,588,0,0
VH-0589,126384,53.5,80.1,2.81,109,0,0
VH-0590,127318,51.1,76.4,6.22,322,0,0
VH-0591,121100,32.7,49.8,4.92,492,1,0
VH-0592,135884,50.4,35.6,1.36,517,1,0
VH-0593,39782,23.1,78.5,6.04,319,1,0
VH-0594,147037,36.7,86.4,7.04,64,0,0
VH-0595,51500,59.5,52.8,2.79,16,1,0
VH-0596,121293,81.4,84.1,4.48,345,1,0
VH-0597,89007,100.0,86.3,1.05,592,1,0
VH-0598,118024,43.3,31.1,1.98,25,1,0
VH-0599,96033,83.7,62.1,6.6,648,0,0
VH-0600,98160,59.9,95.2,3.57,495,0,0
VH-0601,94361,52.0,94.7,2.28,10,0,0
VH-0602,117954,63.7,56.2,4.96,254,0,0
VH-0603,112161,56.2,89.0,3.46,164,1,0
VH-0604,24510,57.2,110.6,3.56,693,1,0
VH-0605,124777,46.8,104.4,5.98,407,0,0
VH-0606,82729,27.0,82.6,2.18,239,1,0
VH-0607,51847,24.1,73.3,2.69,206,0,0
VH-0608,79562,68.1,69.3,4.81,413,0,0
VH-0609,145212,49.5,96.7,6.44,8,2,0
VH-0610,129347,43.1,89.9,6.98,191,0,0
VH-0611,125886,55.2,100.7,3.17,124,0,0
VH-0612,72105,70.9,88.3,6.37,454,0,0
VH-0613,118699,58.6,105.5,2.93,490,1,0
VH-0614,60837,41.9,87.4,8.15,343,1,0
VH-0615,104493,79.5,104.6,2.23,106,0,0
VH-0616,97736,86.6,106.8,7.16,273,1,1
VH-0617,41220,64.9,64.9,3.19,616,1,0
VH-0618,43637,74.5,39.8,8.53,152,1,0
VH-0619,13864,79.8,123.6,5.68,123,0,0
VH-0620,25266,77.6,91.4,2.47,85,1,0
VH-0621,67874,67.3,42.1,3.46,597,0,0
VH-0622,74292,67.0,67.2,6.06,91,2,0
VH-0623,28942,65.4,104.3,6.61,426,2,0
VH-0624,65448,33.1,78.0,4.36,729,1,0
VH-0625,92605,69.0,72.2,4.59,470,0,0
VH-0626,38722,27.9,120.0,6.02,303,2,0
VH-0627,54044,39.1,58.8,4.76,154,0,0
VH-0628,58289,81.1,65.0,1.91,6,0,0
VH-0629,78232,71.8,90.3,2.87,117,1,0
VH-0630,58126,84.7,94.8,4.97,695,0,0
VH-0631,111856,49.6,97.4,6.93,109,1,0
VH-0632,52486,32.0,107.8,7.73,19,1,0
VH-0633,67915,50.2,90.0,6.06,596,2,0
VH-0634,60022,57.0,97.2,5.07,308,0,0
VH-0635,31522,56.6,78.5,6.0,263,1,0
VH-0636,104432,77.7,86.6,3.17,525,0,0
VH-0637,39139,47.8,87.7,4.19,384,0,0
VH-0638,48047,62.0,90.4,2.85,668,1,0
VH-0639,119949,35.2,104.3,2.0,344,0,0
VH-0640,142584,64.0,98.9,5.17,521,0,0
VH-0641,102272,55.1,86.1,4.87,642,0,0
VH-0642,137870,40.0,64.8,5.88,341,2,0
VH-0643,128857,50.3,86.7,5.59,211,0,0
VH-0644,74732,51.3,84.3,4.99,711,0,0
VH-0645,116692,49.6,89.8,5.61,169,0,0
VH-0646,52612,90.4,140.2,4.41,33,1,1
VH-0647,71772,53.0,71.9,5.33,424,0,0
VH-0648,82638,50.1,95.6,3.05,720,0,0
VH-0649,144271,13.1,111.7,5.24,67,0,0
VH-0650,128041,37.1,87.5,5.84,620,2,0
VH-0651,75941,49.7,143.4,3.16,607,0,0
VH-0652,99625,41.3,75.5,4.6,678,1,0
VH-0653,34341,82.6,93.1,3.25,310,2,0
VH-0654,121636,51.7,65.0,3.45,189,1,0
VH-0655,85190,80.8,76.2,2.25,376,1,0
VH-0656,82244,56.2,91.2,7.03,108,0,0
VH-0657,116111,55.7,106.2,6.63,616,0,1
VH-0658,96773,53.2,93.0,5.57,485,0,0
VH-0659,15507,55.1,116.5,8.44,355,0,0
VH-0660,46782,89.4,82.6,4.12,378,0,0
VH-0661,30624,8.6,76.7,10.0,521,1,0
VH-0662,111559,15.0,152.6,4.04,384,0,0
VH-0663,10096,44.1,94.9,5.01,613,2,0
VH-0664,34348,55.3,67.0,3.7,675,0,0
VH-0665,91629,68.8,67.6,5.24,693,1,0
VH-0666,105745,64.5,61.4,6.17,454,0,0
VH-0667,77979,47.3,108.4,4.27,543,1,0
VH-0668,129804,75.4,75.9,8.05,230,0,0
VH-0669,138246,75.6,88.2,4.98,32,1,0
VH-0670,24154,58.7,83.4,5.04,295,1,0
VH-0671,143114,74.3,103.3,2.68,636,0,0
VH-0672,94085,60.5,63.8,5.34,101,0,0
VH-0673,97251,43.8,58.1,4.23,400,0,0
VH-0674,18788,69.0,90.6,3.28,144,0,0
VH-0675,95171,57.2,100.0,2.95,316,1,0
VH-0676,110228,55.0,93.3,9.84,108,1,0
VH-0677,89214,84.5,64.8,3.97,537,0,0
VH-0678,17251,6.0,101.9,1.59,592,1,0
VH-0679,80867,26.6,66.4,3.1,554,1,0
VH-0680,140711,31.3,72.0,4.4,516,1,0
VH-0681,109895,47.7,61.4,5.59,175,1,0
VH-0682,24924,49.9,117.5,5.61,389,1,0
VH-0683,144191,24.9,100.8,5.85,80,3,0
VH-0684,144037,35.3,100.1,3.21,276,0,0
VH-0685,29562,37.8,116.2,5.18,371,1,0
VH-0686,121128,100.0,155.3,2.75,489,0,1
VH-0687,63973,91.0,42.3,3.26,75,0,0
VH-0688,91083,46.8,66.5,2.66,594,0,0
VH-0689,69552,47.7,69.6,2.12,337,0,0
VH-0690,118480,32.0,63.7,6.63,643,0,0
VH-0691,149515,16.8,58.1,5.88,387,0,0
VH-0692,120291,52.7,77.5,6.45,401,0,0
VH-0693,140048,35.0,54.6,4.58,507,1,0
VH-0694,142173,53.3,93.4,6.05,599,0,1
VH-0695,18065,23.0,86.3,0.98,119,0,0
VH-0696,41740,39.8,97.0,6.23,375,0,0
VH-0697,109669,58.0,97.7,4.85,26,2,0
VH-0698,90561,62.3,100.1,5.75,349,0,0
VH-0699,12271,63.3,75.7,5.26,594,0,0
VH-0700,18782,28.6,138.0,2.53,632,0,0
VH-0701,80479,72.1,90.9,1.5,210,0,0
VH-0702,94344,39.0,38.4,3.08,285,0,0
VH-0703,29319,67.7,59.9,5.63,404,0,0
VH-0704,29837,54.8,41.5,5.88,292,1,0
VH-0705,23754,27.5,85.4,1.76,134,0,0
VH-0706,86917,48.7,82.0,2.54,226,0,0
VH-0707,6138,62.3,73.3,3.05,297,0,0
VH-0708,88002,67.3,135.3,3.79,381,0,0
VH-0709,74009,52.2,98.7,1.78,672,0,0
VH-0710,72567,85.6,103.2,1.66,400,0,0
VH-0711,103495,75.2,61.7,2.86,285,0,0
VH-0712,80781,49.9,60.0,4.67,483,2,0
VH-0713,110523,70.0,85.9,2.14,565,0,0
VH-0714,115768,93.7,89.3,4.27,317,1,0
VH-0715,138417,94.2,38.6,6.62,359,0,0
VH-0716,120890,30.4,80.5,1.9,162,0,0
VH-0717,80067,36.5,85.4,4.09,631,0,0
VH-0718,76362,84.7,79.6,6.55,633,1,1
VH-0719,39177,33.8,64.7,3.66,131,0,0
VH-0720,91941,28.5,71.5,3.35,255,0,0
VH-0721,25174,45.3,80.6,6.83,202,0,0
VH-0722,140029,63.4,87.3,3.89,674,0,0
VH-0723,127531,53.0,100.1,6.71,52,1,0
VH-0724,22361,42.0,112.0,5.36,155,0,0
VH-0725,118963,41.5,77.6,3.81,233,0,0
VH-0726,21980,40.8,73.6,5.46,411,1,0
VH-0727,109577,37.4,95.9,5.14,185,0,0
VH-0728,17717,100.0,100.3,6.54,394,0,1
VH-0729,75788,61.0,74.1,3.4,546,3,0
VH-0730,100390,72.7,104.8,4.58,605,0,0
VH-0731,110677,45.2,109.5,4.38,76,0,0
VH-0732,65698,51.3,117.3,5.91,105,0,0
VH-0733,138635,40.7,129.5,2.45,74,1,0
VH-0734,117276,2.0,63.3,6.53,664,0,0
VH-0735,35198,27.4,85.3,5.43,477,1,0
VH-0736,102328,18.8,85.3,1.87,390,0,0
VH-0737,110927,10.0,82.5,6.92,578,0,0
VH-0738,53377,31.1,68.8,8.97,429,2,1
VH-0739,112043,81.5,47.9,6.5,175,4,1
VH-0740,135263,54.1,87.3,7.35,374,1,0
VH-0741,123481,80.8,65.8,4.67,514,1,0
VH-0742,115567,63.2,87.1,1.18,31,2,0
VH-0743,97002,70.7,65.1,0.81,444,1,0
VH-0744,44227,37.0,57.5,5.01,365,0,0
VH-0745,120307,65.5,90.9,3.32,55,0,0
VH-0746,57807,69.6,88.8,2.67,196,1,0
VH-0747,82168,43.5,99.5,4.37,330,0,0
VH-0748,50593,66.2,139.6,5.73,253,1,0
VH-0749,50387,66.3,91.9,1.59,215,0,0
VH-0750,27853,44.0,97.1,3.6,475,2,0
VH-0751,144388,32.5,58.1,7.52,298,2,0
VH-0752,26428,31.3,52.8,2.35,365,0,0
VH-0753,17507,56.7,124.6,6.24,583,0,0
VH-0754,140738,61.5,61.9,3.53,72,1,0
VH-0755,85476,39.1,58.9,5.59,265,1,0
VH-0756,68496,55.5,84.0,6.69,57,0,0
VH-0757,111936,66.4,82.7,5.98,677,2,0
VH-0758,60581,67.4,62.4,6.32,139,0,0
VH-0759,23548,86.0,77.4,2.2,599,0,0
VH-0760,110804,80.5,115.7,6.73,143,0,0
VH-0761,30519,35.0,64.9,2.79,239,0,0
VH-0762,85183,88.7,50.2,5.02,446,0,0
VH-0763,142614,44.4,108.6,5.02,607,1,0
VH-0764,140740,75.9,97.3,5.47,133,0,0
VH-0765,57313,56.4,69.5,5.17,159,0,0
VH-0766,118143,46.8,45.4,2.81,644,1,0
VH-0767,93837,18.8,66.4,1.8,238,0,0
VH-0768,74508,51.6,83.6,6.24,157,0,0
VH-0769,25289,23.8,114.1,4.87,544,2,0
VH-0770,59572,74.3,59.1,6.8,71,0,0
VH-0771,99528,85.3,82.9,4.41,633,0,0
VH-0772,148061,39.1,101.9,1.69,639,2,0
VH-0773,5709,61.0,30.0,6.43,625,0,0
VH-0774,109075,40.5,110.8,3.76,219,2,0
VH-0775,127718,42.4,55.4,5.18,87,0,0
VH-0776,142923,70.5,93.3,3.21,313,0,0
VH-0777,66451,54.2,91.2,7.79,247,2,0
VH-0778,22179,89.8,112.1,2.75,700,1,0
VH-0779,44290,45.4,98.8,3.83,462,0,0
VH-0780,128327,75.0,30.0,4.71,689,0,0
VH-0781,132300,56.9,65.4,2.32,549,2,0
VH-0782,97375,70.9,88.5,5.16,523,0,0
VH-0783,22797,46.1,80.1,7.72,86,2,0
VH-0784,22678,54.0,96.9,3.52,54,0,0
VH-0785,74334,52.7,104.7,5.29,38,2,0
VH-0786,90297,38.3,100.2,0.0,435,3,0
VH-0787,9694,68.2,79.6,4.42,151,0,0
VH-0788,104483,68.0,38.8,3.87,722,0,0
VH-0789,83953,66.9,73.6,2.86,101,2,0
VH-0790,6783,85.7,95.4,6.66,691,0,0
VH-0791,18873,84.0,57.7,3.85,489,3,0
VH-0792,70876,47.5,100.8,4.15,81,2,0
VH-0793,109774,62.5,107.7,3.75,47,0,0
VH-0794,124682,42.5,88.2,0.67,292,1,0
VH-0795,67538,55.5,30.0,2.24,250,1,0
VH-0796,47827,43.0,53.0,6.42,233,1,0
VH-0797,145405,87.4,132.2,0.28,388,1,0
VH-0798,71489,62.3,71.3,2.97,99,1,0
VH-0799,50731,50.6,35.4,3.7,98,2,0
VH-0800,69135,78.9,115.9,7.99,508,0,0
VH-0801,6753,11.6,85.3,6.04,722,1,0
VH-0802,48779,14.7,112.6,3.39,203,0,0
VH-0803,79755,70.9,91.9,7.11,680,0,0
VH-0804,138174,56.2,96.5,3.02,255,2,0
VH-0805,112042,60.0,94.1,6.52,248,1,0
VH-0806,118287,28.5,102.4,1.78,70,0,0
VH-0807,84010,54.5,141.9,6.65,311,0,1
VH-0808,21035,95.1,109.3,3.69,366,0,0
VH-0809,61684,71.5,45.5,2.44,486,0,0
VH-0810,149570,58.4,96.2,4.07,119,1,0
VH-0811,11404,46.2,113.5,5.05,141,1,0
VH-0812,132484,47.1,115.1,3.51,318,0,0
VH-0813,104251,12.4,74.3,5.61,55,0,0
VH-0814,46166,60.2,114.1,3.33,108,1,0
VH-0815,117808,71.9,108.2,5.74,461,0,0
VH-0816,126350,23.5,149.3,5.38,696,0,0
VH-0817,11266,41.8,66.2,4.38,420,0,0
VH-0818,20430,31.9,72.3,3.62,110,1,0
VH-0819,101533,35.7,77.3,4.8,723,1,0
VH-0820,149870,56.1,72.7,5.6,383,0,0
VH-0821,8475,13.3,62.7,8.62,524,1,0
VH-0822,101524,67.3,30.0,6.38,147,0,0
VH-0823,24796,70.1,74.1,6.45,424,1,0
VH-0824,99268,50.0,94.2,10.0,60,0,0
VH-0825,95380,5.4,72.7,5.53,458,0,0
VH-0826,18113,35.1,133.4,5.47,151,0,0
VH-0827,103705,79.7,85.3,5.91,664,1,0
VH-0828,135069,0.0,117.3,2.48,44,3,0
VH-0829,130199,48.0,91.5,3.61,478,2,0
VH-0830,9204,31.4,105.7,3.49,106,0,0
VH-0831,40657,71.1,92.0,5.8,503,1,1
VH-0832,39920,41.5,119.2,4.15,362,1,0
VH-0833,70727,63.1,86.4,4.78,706,1,0
VH-0834,25738,66.3,97.4,6.67,477,1,0
VH-0835,128880,91.7,94.2,6.23,274,0,0
VH-0836,117631,50.9,77.8,4.18,68,2,0
VH-0837,122210,62.5,95.1,3.16,436,1,0
VH-0838,33739,25.3,140.9,6.77,324,1,0
VH-0839,7113,78.8,78.2,6.05,43,1,0
VH-0840,137042,39.8,95.5,1.29,426,0,0
VH-0841,46891,43.8,116.4,3.87,157,1,0
VH-0842,100159,54.6,113.5,4.83,174,0,0
VH-0843,136868,23.7,85.3,6.06,11,1,0
VH-0844,10243,59.6,30.0,6.32,274,0,0
VH-0845,5793,74.3,97.9,5.07,163,1,0
VH-0846,5787,60.9,30.0,5.67,57,0,0
VH-0847,27667,23.2,121.7,4.63,319,1,0
VH-0848,12490,52.5,89.2,3.15,164,0,0
VH-0849,123897,69.8,110.0,3.98,102,1,0
VH-0850,92859,17.4,62.4,4.54,343,2,0
VH-0851,147106,33.5,46.2,4.43,50,1,0
VH-0852,121214,72.5,91.5,0.73,723,1,0
VH-0853,144662,60.4,84.2,3.71,346,1,0
VH-0854,39590,63.2,72.7,4.61,727,1,0
VH-0855,46730,92.2,87.1,3.94,643,0,0
VH-0856,128164,64.4,154.2,4.01,715,0,0
VH-0857,40508,68.2,105.9,5.48,398,2,0
VH-0858,13298,100.0,111.2,2.34,311,0,0
VH-0859,102023,50.7,106.1,1.24,526,0,0
VH-0860,121139,39.0,122.0,3.8,63,0,0
VH-0861,145388,63.6,80.2,6.03,614,3,1
VH-0862,139530,63.8,33.6,7.88,239,0,0
VH-0863,22433,44.5,80.3,6.06,10,1,0
VH-0864,116955,34.4,105.3,1.56,177,1,0
VH-0865,127688,100.0,60.8,4.04,180,0,0
VH-0866,106227,61.5,80.6,5.01,15,1,0
VH-0867,123870,40.4,67.7,4.86,489,1,0
VH-0868,126507,73.3,122.6,5.58,74,0,0
VH-0869,69749,52.8,103.7,2.67,618,0,0
VH-0870,10821,49.9,101.3,4.63,333,0,0
VH-0871,71148,66.2,100.5,5.34,525,1,0
VH-0872,34258,29.2,84.1,6.15,251,2,0
VH-0873,21490,62.1,89.9,2.89,100,0,0
VH-0874,23113,93.3,55.4,3.81,135,0,0
VH-0875,106119,64.3,30.3,0.0,473,1,0
VH-0876,78156,47.5,88.8,3.26,524,0,0
VH-0877,83276,44.9,93.1,3.45,198,1,0
VH-0878,113052,46.8,115.2,2.46,263,0,0
VH-0879,84498,49.9,124.3,4.83,690,0,0
VH-0880,96351,47.4,124.2,4.39,622,1,0
VH-0881,17473,73.3,60.0,0.0,304,0,0
VH-0882,128414,20.3,76.2,4.93,179,0,0
VH-0883,70073,72.2,97.0,2.64,223,1,0
VH-0884,27505,47.4,148.3,5.47,395,0,0
VH-0885,122932,62.5,122.0,1.94,415,0,0
VH-0886,111520,32.5,113.0,4.56,138,1,0
VH-0887,12688,81.6,75.3,3.93,52,1,0
VH-0888,32991,79.9,62.9,5.11,364,0,0
VH-0889,7283,74.2,104.7,4.75,583,2,0
VH-0890,44260,24.7,57.5,3.99,115,1,0
VH-0891,19497,71.6,79.0,1.43,301,0,0
VH-0892,107936,63.1,82.1,1.55,122,2,0
VH-0893,80770,22.9,124.8,3.33,180,1,0
VH-0894,147129,54.5,76.1,4.48,448,0,0
VH-0895,113666,62.3,30.0,3.28,212,2,0
VH-0896,93673,66.1,97.6,5.75,196,1,1
VH-0897,78850,58.5,67.5,3.94,726,0,0
VH-0898,12902,60.8,86.1,2.57,129,2,0
VH-0899,15179,84.5,82.8,3.94,142,0,0
VH-0900,94364,79.5,78.2,4.95,679,0,0
VH-0901,5634,0.0,104.8,5.15,403,0,0
VH-0902,11140,48.7,46.7,8.26,36,0,0
VH-0903,36774,51.7,72.1,3.16,313,0,0
VH-0904,133201,20.0,102.1,4.35,414,2,0
VH-0905,71544,56.9,69.6,5.35,188,0,0
VH-0906,107888,80.0,44.8,4.45,402,1,0
VH-0907,64676,33.3,101.7,3.5,475,1,0
VH-0908,30103,61.7,113.1,1.4,186,0,0
VH-0909,58817,36.7,83.9,3.48,593,0,0
VH-0910,18299,41.6,36.0,2.35,333,1,0
VH-0911,116686,84.5,102.6,1.05,703,1,0
VH-0912,31612,44.1,43.5,2.91,68,0,0
VH-0913,59574,64.2,92.7,2.41,240,1,0
VH-0914,147103,17.6,62.8,5.67,527,0,0
VH-0915,90834,92.2,56.0,5.7,653,1,1
VH-0916,71491,67.1,74.0,2.69,165,0,0
VH-0917,83736,51.4,80.4,3.98,715,0,0
VH-0918,118691,66.5,68.9,0.78,145,3,0
VH-0919,41899,26.8,99.7,3.51,306,1,0
VH-0920,97279,78.7,73.8,5.3,233,0,0
VH-0921,131540,48.5,109.5,6.15,312,2,0
VH-0922,87999,50.9,92.0,3.07,659,1,0
VH-0923,69748,45.2,67.6,6.6,536,0,0
VH-0924,26043,43.4,63.4,1.47,582,1,0
VH-0925,41001,68.9,43.8,2.0,189,1,0
VH-0926,142173,60.1,92.3,5.92,691,0,0
VH-0927,83482,68.0,76.1,7.84,320,1,0
VH-0928,48694,54.8,30.0,5.49,477,1,0
VH-0929,65663,65.3,71.6,4.42,510,1,0
VH-0930,88812,46.6,62.5,0.11,485,1,0
VH-0931,82944,99.6,124.4,0.46,441,2,0
VH-0932,106467,23.6,42.4,4.76,353,1,0
VH-0933,42336,80.2,49.0,3.78,474,1,0
VH-0934,99138,82.4,112.7,2.29,661,1,0
VH-0935,69188,38.0,118.9,4.63,287,1,0
VH-0936,141386,99.6,66.4,4.73,375,1,1
VH-0937,27898,74.9,69.2,6.39,135,0,0
VH-0938,26523,74.4,100.4,4.77,262,0,0
VH-0939,71940,55.6,30.0,6.96,564,2,0
VH-0940,78711,50.7,38.5,4.52,469,0,0
VH-0941,105176,50.8,78.0,4.27,158,0,0
VH-0942,63584,62.8,123.7,6.63,400,1,0
VH-0943,137488,83.0,74.1,2.54,593,0,0
VH-0944,73754,58.6,87.5,10.0,94,1,0
VH-0945,23753,36.8,113.3,5.25,49,1,0
VH-0946,22286,71.5,137.7,5.26,289,0,0
VH-0947,146143,73.4,70.6,5.55,480,0,0
VH-0948,24443,68.1,84.6,8.25,232,0,0
VH-0949,142438,69.9,130.6,6.09,600,0,0
VH-0950,45320,49.6,46.9,1.29,618,0,0
VH-0951,18544,36.4,110.7,7.31,391,0,0
VH-0952,49182,37.6,59.5,3.82,279,1,0
VH-0953,94131,22.3,87.6,4.71,35,1,0
VH-0954,67045,59.7,78.9,1.94,600,1,0
VH-0955,118909,53.3,61.0,5.55,654,2,0
VH-0956,93593,46.2,60.4,3.2,325,1,0
VH-0957,63113,0.0,91.9,4.7,379,1,0
VH-0958,97021,30.1,109.9,3.93,551,0,0
VH-0959,145862,77.4,81.8,8.35,509,0,0
VH-0960,64712,41.7,86.8,8.46,103,1,0
VH-0961,27249,62.2,99.3,4.59,492,1,0
VH-0962,64273,27.2,60.7,4.63,675,0,0
VH-0963,126816,83.8,103.5,3.75,549,0,0
VH-0964,36556,52.1,105.5,6.71,353,2,0
VH-0965,142625,60.8,150.1,3.84,384,1,0
VH-0966,90304,100.0,75.6,3.66,193,0,0
VH-0967,92228,85.3,73.5,6.46,484,1,0
VH-0968,50970,48.9,104.2,3.42,180,0,0
VH-0969,138466,43.1,105.5,4.42,252,1,0
VH-0970,10228,48.5,71.6,1.34,197,2,0
VH-0971,48307,65.2,74.9,5.91,248,2,0
VH-0972,65668,52.9,98.5,8.38,270,1,0
VH-0973,74204,47.1,64.3,5.94,65,1,0
VH-0974,73749,84.3,74.7,7.42,525,1,0
VH-0975,26449,52.7,87.2,2.81,324,0,0
VH-0976,37710,100.0,109.9,4.97,693,1,0
VH-0977,18810,56.8,69.9,2.61,136,0,0
VH-0978,88006,90.7,38.9,4.04,490,1,0
VH-0979,55875,62.1,37.1,6.04,134,0,0
VH-0980,87036,74.3,53.5,4.7,401,0,0
VH-0981,90508,40.5,52.2,1.67,360,0,0
VH-0982,106790,37.9,81.1,1.87,330,2,0
VH-0983,84320,64.2,55.3,1.74,479,0,0
VH-0984,98952,74.8,67.4,5.48,605,1,0
VH-0985,90136,55.8,65.6,8.63,234,1,0
VH-0986,99602,29.3,74.0,7.22,621,0,0
VH-0987,94413,27.8,118.1,0.71,139,2,0
VH-0988,50851,26.5,101.5,7.34,217,1,0
VH-0989,40711,19.6,85.4,6.37,230,0,0
VH-0990,119177,57.2,73.5,1.41,696,1,0
VH-0991,54691,77.5,74.2,3.89,90,0,0
VH-0992,84625,54.7,93.2,6.69,291,2,0
VH-0993,33561,9.8,99.6,5.6,312,1,0
VH-0994,67555,51.2,62.3,1.88,585,2,0
VH-0995,81801,51.7,85.9,5.72,357,0,0
VH-0996,95771,96.9,34.2,0.22,705,0,0
VH-0997,81324,25.9,90.3,4.05,541,2,0
VH-0998,57295,47.2,104.1,6.78,515,0,0
VH-0999,144456,89.1,78.0,4.54,550,1,1
VH-1000,79347,64.0,130.4,3.5,122,0,0
